                  epoch,         train/box_loss,         train/cls_loss,         train/dfl_loss,   metrics/precision(B),      metrics/recall(B),       metrics/mAP50(B),    metrics/mAP50-95(B),           val/box_loss,           val/cls_loss,           val/dfl_loss,                 lr/pg0,                 lr/pg1,                 lr/pg2
                      0,                 1.5001,                 1.7481,                 1.3774,                0.76174,                0.53096,                0.60054,                0.31642,                 1.5605,                 1.4693,                 1.3561,             0.00066187,             0.00066187,             0.00066187
                      1,                 1.4859,                 1.3432,                 1.3398,                0.62316,                0.56232,                0.57621,                0.27382,                 1.6899,                 1.8475,                 1.5432,              0.0013022,              0.0013022,              0.0013022
                      2,                 1.4895,                 1.2835,                 1.3487,                0.60049,                0.51541,                0.54496,                0.25372,                 1.7197,                 1.7531,                 1.5145,              0.0019162,              0.0019162,              0.0019162
                      3,                 1.4471,                  1.186,                 1.3278,                 0.6686,                  0.545,                0.60481,                0.30218,                 1.6912,                 1.7411,                 1.4813,              0.0018812,              0.0018812,              0.0018812
